IdCompanyEmployee;IdCompany;FirstName;LastName;Email;Phone
1;1;Baker;Myers;auctor@malesuada.org;589-560-326
2;2;Upton;Oconnor;pede.ultrices.a@mauriselit.ca;985-451-568
3;3;Xyla;Branch;ornare.placerat@nonluctus.org;206-532-529
4;4;Latifah;Gamble;amet.risus@libero.edu;602-260-961
5;5;Freya;Ruiz;erat.in.consectetuer@accumsan.org;547-166-429
6;6;Plato;Dillard;purus.mauris@maurisSuspendissealiquet.edu;110-082-610
7;7;Audrey;Barker;Nullam.suscipit.est@Nullamut.com;779-299-372
8;8;Kylie;Carr;quis@dictum.org;329-049-659
9;9;Brandon;Mccullough;dui.quis@dolorvitae.com;514-886-647
10;10;Alexa;Bolton;nisi.nibh@egettincidunt.org;405-155-460
11;11;Cameron;Hobbs;non.massa.non@purus.edu;886-534-435
12;12;Amal;Armstrong;penatibus.et@natoquepenatibus.edu;506-077-791
13;13;Kylan;Cox;facilisis.magna.tellus@in.com;687-123-923
14;14;Unity;Sellers;nec.enim.Nunc@facilisisvitae.ca;485-277-839
15;15;Winter;Benjamin;posuere@mollisIntegertincidunt.edu;833-856-354
16;16;Lydia;Vance;Nulla@odioPhasellus.ca;596-436-027
17;17;Kenneth;Hooper;luctus@sapien.ca;125-470-739
18;18;Patricia;Finley;neque@egestasrhoncusProin.com;350-387-641
19;19;Whilemina;Knapp;pharetra.felis@venenatisamagna.com;153-983-066
20;20;Erich;Hudson;nisl.Nulla@anteVivamusnon.org;194-746-631
21;1;Chadwick;Sosa;nibh.vulputate.mauris@vehicula.ca;032-098-322
22;2;Yetta;Bass;consectetuer@sed.edu;848-589-798
23;3;Kane;Tyler;bibendum@atpretiumaliquet.org;964-387-288
24;4;Lane;Workman;elit.sed@feugiattelluslorem.org;465-164-913
25;5;Kimberley;English;Aliquam.adipiscing.lobortis@augue.org;624-812-272
26;6;Jennifer;Cervantes;facilisis.vitae@quamquis.org;760-784-936
27;7;Kirby;Ware;egestas@Nullamnisl.org;459-622-274
28;8;Rinah;Aguilar;Donec.felis.orci@Mauriseuturpis.org;519-456-105
29;9;Gail;Bush;erat.semper@blanditenim.edu;142-416-096
30;10;Isaac;Jenkins;pharetra@feugiatplaceratvelit.ca;495-501-732
31;11;Henry;Ruiz;Cras.vehicula@necurnaet.org;423-410-265
32;12;Linus;Kennedy;amet.risus.Donec@magnaLoremipsum.edu;481-214-652
33;13;Yuri;Dalton;viverra@seddictum.edu;160-325-880
34;14;Hannah;Weaver;risus.varius@lectusjusto.org;640-302-504
35;15;Morgan;Burke;Donec@mi.org;602-493-132
36;16;Rajah;Oliver;Maecenas.malesuada.fringilla@risusvarius.com;647-142-913
37;17;Steel;Luna;amet.nulla.Donec@facilisis.ca;602-834-411
38;18;Kennan;Kim;mi.Duis.risus@Nullam.org;388-302-487
39;19;Jocelyn;Valencia;Mauris.nulla@semperdui.org;380-801-256
40;20;Karly;Sloan;amet.lorem@Nunc.edu;532-910-369
41;1;Amy;King;tellus.Phasellus@Phasellusvitaemauris.org;628-975-024
42;2;Jameson;Mcpherson;nec.eleifend.non@turpis.ca;038-408-203
43;3;Nevada;Clemons;quis.tristique.ac@arcuimperdietullamcorper.edu;777-801-348
44;4;Alexandra;Vance;scelerisque.neque@urnaNuncquis.org;475-788-350
45;5;Sydnee;Vargas;dui@CurabiturmassaVestibulum.ca;590-948-148
46;6;Eric;Roman;vehicula@Nunc.org;974-225-414
47;7;Derek;Christensen;eros.turpis@velitSedmalesuada.edu;681-729-257
48;8;Libby;Vincent;felis.Nulla@nonloremvitae.org;132-557-088
49;9;Wynne;Mcclure;semper.auctor.Mauris@diam.com;902-159-618
50;10;Hadley;Powell;arcu@penatibusetmagnis.com;309-488-084
51;11;Althea;Moore;risus.Morbi.metus@Inscelerisque.org;735-354-381
52;12;Uriah;Acosta;lorem@ultricesiaculis.edu;890-874-880
53;13;Cherokee;Odonnell;venenatis@venenatisvel.com;817-208-798
54;14;Brooke;Donovan;nec.tellus.Nunc@facilisis.com;957-848-455
55;15;Haley;Andrews;mus.Donec@tortornibhsit.com;042-740-453
56;16;Signe;Humphrey;Curabitur@Donecconsectetuer.ca;308-764-404
57;17;Myra;Floyd;Aliquam@Curae;Donec.com
58;18;Phelan;Oneill;orci.luctus@parturientmontesnascetur.org;720-124-897
59;19;Anastasia;Burks;Nulla.dignissim.Maecenas@tincidunt.ca;875-728-704
60;20;Ramona;Kane;nulla@sit.com;358-256-357
61;1;Yetta;Wood;adipiscing@Aliquamauctorvelit.com;621-336-711
62;2;Josiah;Golden;lacus@iaculisquis.ca;813-271-470
63;3;Kimberley;Warren;nunc.Quisque.ornare@laoreetposuere.edu;937-649-492
64;4;Shea;Vinson;magna@laciniavitaesodales.ca;010-481-141
65;5;Graiden;Page;nulla.Cras.eu@infaucibus.edu;361-763-353
66;6;Beverly;Calhoun;semper.cursus.Integer@non.edu;683-824-761
67;7;Bevis;Scott;eget.volutpat.ornare@justo.com;918-261-783
68;8;Sybil;Jenkins;sapien.Nunc@at.com;968-620-338
69;9;Nolan;Beck;Praesent.eu.nulla@sem.edu;261-044-539
70;10;Gemma;Boyd;Suspendisse.ac@habitant.org;736-075-246
71;11;Maite;Moses;at.iaculis.quis@Fuscemilorem.ca;993-522-653
72;12;Faith;Holcomb;porttitor@non.org;222-468-434
73;13;Virginia;Higgins;Sed.nec.metus@interdumfeugiat.edu;893-557-581
74;14;Rinah;Griffith;neque@conubianostra.org;094-529-813
75;15;Wade;Reilly;Ut.tincidunt@lobortismauris.com;101-693-377
76;16;Calista;Gibbs;ipsum.dolor@enimcommodo.com;982-896-593
77;17;Wylie;Avila;nulla.Integer@justo.org;859-126-539
78;18;Cassady;Hayes;Nunc.laoreet.lectus@ipsumcursus.org;252-846-946
79;19;Rooney;Shannon;lobortis@Donecconsectetuermauris.com;888-428-642
80;20;Shellie;Morrison;dolor.Fusce.mi@Utsagittislobortis.ca;793-630-128
81;1;Lance;Martinez;In.lorem.Donec@ettristique.org;805-448-835
82;2;Sara;Hayes;Praesent@rhoncus.ca;869-988-244
83;3;Dennis;Stevenson;consectetuer.adipiscing.elit@ideratEtiam.org;244-189-963
84;4;Daryl;Keller;facilisi.Sed@orci.edu;290-534-763
85;5;Macey;Butler;In.mi.pede@primisin.org;506-479-694
86;6;Castor;Puckett;ligula@vitae.com;559-313-074
87;7;Winifred;Schmidt;non.justo.Proin@tinciduntvehicula.edu;771-476-583
88;8;Deirdre;Hall;euismod.est.arcu@diamSeddiam.org;259-223-022
89;9;Sade;Madden;semper@dui.edu;748-231-965
90;10;Fleur;Kennedy;aliquet@Intinciduntcongue.ca;093-015-001
91;11;Anjolie;Hopkins;quis.diam.luctus@orci.edu;472-447-372
92;12;Nora;Ayers;magna@nec.ca;145-246-450
93;13;Quinlan;Fletcher;ut.aliquam.iaculis@etrutrumnon.edu;298-571-141
94;14;Blake;Cruz;nonummy.ipsum@etmalesuada.org;652-003-386
95;15;Margaret;Huff;Ut.semper.pretium@infaucibusorci.org;246-398-700
96;16;Brianna;Harper;id.nunc@laoreet.edu;004-481-545
97;17;Catherine;Figueroa;primis@urnanec.com;942-742-156
98;18;Galena;Middleton;turpis.Nulla@tellusjusto.ca;049-685-908
99;19;Regan;Hendrix;interdum.Curabitur@variuset.com;036-192-728
100;20;Martha;Lamb;tempor.est.ac@Nullamfeugiat.com;220-138-113
101;1;Forrest;Mosley;quam.dignissim@facilisisSuspendissecommodo.com;875-603-069
102;2;Chaney;Kirkland;magna.Suspendisse@diamatpretium.org;995-118-745
103;3;Cairo;Drake;scelerisque@ac.edu;794-763-788
104;4;Kato;Mccall;neque.Sed.eget@magnanec.ca;676-322-634
105;5;Ruth;Miller;augue.eu.tempor@semmollis.com;245-934-089
106;6;Basil;Lane;commodo.at@luctus.org;548-273-069
107;7;Ishmael;Graves;consectetuer.euismod@Sednunc.com;547-637-442
108;8;Ferdinand;Guthrie;consectetuer@sagittisplaceratCras.org;130-199-933
109;9;Astra;Tucker;aliquet.diam.Sed@Duisgravida.edu;147-590-323
110;10;Cadman;Estes;nunc@etlacinia.ca;528-461-071
111;11;Aspen;Mayo;a.enim.Suspendisse@utnullaCras.ca;139-562-075
112;12;Lynn;Ward;sociis.natoque@turpisIn.com;935-006-812
113;13;Eagan;Watkins;risus@tincidunt.edu;724-899-959
114;14;Bertha;Hartman;Donec@vitaesodales.edu;457-260-099
115;15;Cally;Calhoun;Donec.egestas.Duis@nonenimMauris.org;616-676-080
116;16;Emmanuel;Guy;ligula.Aliquam@Sedeueros.edu;071-071-382
117;17;Carl;Christensen;magna.malesuada@magnaUttincidunt.org;431-512-645
118;18;Reed;Golden;posuere.vulputate@dolorDonec.edu;482-875-187
119;19;Preston;Merrill;eget@enim.com;666-202-486
120;20;Quinn;Woodward;lectus.pede.et@elitEtiam.edu;257-445-011
121;1;Joshua;Donaldson;velit.eget.laoreet@diamSeddiam.org;149-525-405
122;2;Tasha;Acevedo;fames@dui.ca;603-624-977
123;3;Oscar;Mcbride;laoreet@eleifendnuncrisus.com;269-665-055
124;4;Mark;Roy;magna.sed.dui@malesuadafames.ca;102-089-755
125;5;Abdul;Duffy;neque@mollislectus.com;258-214-472
126;6;Dawn;Pacheco;lobortis@rhoncusidmollis.com;992-758-451
127;7;Wanda;Moss;amet.massa@blanditenimconsequat.edu;136-508-735
128;8;Haviva;Hayes;consectetuer.euismod.est@atrisus.edu;048-509-296
129;9;Eagan;Kinney;scelerisque@aliquetdiam.edu;249-974-718
130;10;Sydnee;Curtis;adipiscing.enim@a.org;816-103-038
131;11;Sebastian;Hurst;mattis.ornare@atrisusNunc.ca;673-381-073
132;12;Martena;Nolan;Nullam.feugiat.placerat@famesac.edu;693-732-816
133;13;Asher;George;sem@lectusantedictum.edu;383-457-024
134;14;Linda;Winters;nascetur.ridiculus.mus@lobortistellusjusto.edu;492-209-512
135;15;Amery;Dickerson;quam.vel.sapien@sitamet.org;904-028-888
136;16;Leandra;Lancaster;Etiam@auguescelerisquemollis.ca;118-721-423
137;17;Kirby;Wilder;eu.ligula.Aenean@Loremipsumdolor.org;004-893-458
138;18;Colton;Rocha;sem.vitae@aliquetlobortisnisi.edu;691-125-375
139;19;Yuli;Kelley;diam.at.pretium@fringillaporttitor.edu;394-743-361
140;20;Shafira;Beasley;erat.volutpat@ligulaNullamenim.edu;976-251-356
141;1;Brody;Carson;at@liberomauris.org;250-521-401
142;2;Walker;Valencia;interdum.libero@dignissimMaecenasornare.org;097-444-655
143;3;Richard;Buchanan;risus.Donec.nibh@Integerurna.org;956-468-567
144;4;Lydia;Mayo;Duis.sit@nullaCraseu.edu;184-740-521
145;5;Patricia;May;risus.Donec.egestas@Nulladignissim.ca;907-565-621
146;6;Karina;Rodgers;iaculis.nec.eleifend@idmagnaet.edu;690-222-698
147;7;Dean;Hartman;Nulla.interdum.Curabitur@egestasblandit.ca;954-686-833
148;8;Simone;Floyd;Integer@arcuVivamussit.ca;232-821-254
149;9;Orson;Sweeney;ullamcorper.velit.in@semperduilectus.edu;428-261-844
150;10;Gloria;Hyde;montes@Maecenasiaculisaliquet.org;566-821-990
151;11;Mariko;Stout;lorem.ut@congue.org;638-483-317
152;12;Justine;Hyde;Nam.interdum.enim@interdum.ca;869-860-728
153;13;Avram;Cooper;tincidunt.congue.turpis@FuscemollisDuis.org;208-626-071
154;14;Rowan;Calderon;mauris.sapien@Utnecurna.org;865-584-796
155;15;Melinda;Hodges;eu.elit.Nulla@Vivamusnibhdolor.edu;317-498-379
156;16;Eugenia;Williams;porta.elit.a@sedpedeCum.com;317-113-878
157;17;Abbot;King;arcu.Aliquam@anuncIn.ca;376-646-376
158;18;Lavinia;Henry;fringilla.porttitor@tinciduntorciquis.org;970-758-453
159;19;Lesley;Dillard;semper.egestas.urna@tellusjusto.edu;206-673-737
160;20;Faith;Kirby;arcu.imperdiet.ullamcorper@eleifendnunc.edu;199-643-605
161;1;Ivor;Carr;Donec@fermentumarcu.edu;005-742-877
162;2;Olivia;Carver;nunc.In.at@Curabitur.ca;931-647-188
163;3;Gray;Dillard;dignissim.tempor@ullamcorper.edu;902-779-341
164;4;Dominique;Jimenez;sed@nuncsed.edu;098-287-519
165;5;Pamela;Cunningham;elit.fermentum.risus@eu.edu;950-202-527
166;6;Fiona;Burks;semper@nonummy.com;301-920-192
167;7;Porter;Humphrey;habitant.morbi.tristique@necligula.ca;631-168-999
168;8;Imelda;Cannon;mi.lacinia@estNunc.ca;569-652-637
169;9;Charlotte;Butler;vulputate.ullamcorper.magna@sagittissemperNam.com;971-861-012
170;10;Timon;Robinson;purus.mauris.a@felis.ca;900-647-059
171;11;Nora;Oneill;adipiscing@duinec.edu;542-554-942
172;12;Devin;Mathews;Phasellus.libero@justofaucibus.edu;188-247-114
173;13;Brian;Cantrell;Cras.lorem.lorem@montesnascetur.com;289-232-058
174;14;Marny;Hall;dui.nec.tempus@atpretium.org;804-919-120
175;15;Kevin;Pitts;vehicula@Inmipede.edu;152-211-674
176;16;Karly;Bates;sagittis@senectusetnetus.org;825-955-903
177;17;Blake;Farley;metus.sit@egetlaoreet.com;615-280-630
178;18;Kirsten;Villarreal;Mauris.quis.turpis@sollicitudinamalesuada.org;652-666-878
179;19;Sigourney;Galloway;nostra@Curabiturutodio.ca;238-978-627
180;20;Illana;Lott;a.dui@massa.com;869-738-022
181;1;Kaden;Coleman;arcu.iaculis.enim@consequatdolor.edu;489-017-552
182;2;Marcia;Lancaster;convallis@ametultricies.edu;009-021-482
183;3;Bell;Preston;felis.Nulla@facilisi.edu;238-781-746
184;4;Kamal;Bauer;nibh.vulputate@orci.com;275-658-965
185;5;Skyler;Parks;lacus.Ut@eumetusIn.ca;660-317-168
186;6;Claudia;Ward;lacinia@Pellentesque.edu;839-705-092
187;7;Victor;Clemons;lacus.pede@aliquameuaccumsan.ca;227-385-904
188;8;Ori;Monroe;sem.semper.erat@eleifendnec.ca;124-117-719
189;9;Wendy;Powers;Suspendisse@placeratvelitQuisque.org;321-236-202
190;10;Abigail;Olsen;in@risusvariusorci.com;060-779-867
191;11;Kieran;Ortega;semper.Nam@nulla.com;208-411-418
192;12;Beau;Munoz;convallis@musDonecdignissim.org;445-302-469
193;13;Portia;Wong;non.sollicitudin@natoque.ca;680-108-714
194;14;Louis;Christensen;gravida.Praesent@Suspendissenon.org;000-469-349
195;15;Iliana;Conner;eget.ipsum@utnullaCras.com;051-766-627
196;16;Hunter;Horne;lorem@aliquameros.edu;971-220-162
197;17;Wang;Casey;ac@lectus.com;930-658-892
198;18;Brennan;Reilly;augue@liberolacusvarius.com;804-077-768
199;19;Willow;Bean;porttitor.scelerisque@dictum.com;652-445-363
200;20;Steel;Arnold;dolor.egestas@convallisestvitae.org;914-682-683
201;1;Colette;Guzman;fermentum@tempus.ca;415-878-369
202;2;Tad;Serrano;ligula@duisemperet.ca;422-106-320
203;3;Tiger;Ball;nulla@egetipsum.com;303-672-360
204;4;Clare;Sears;sit.amet.lorem@orci.com;401-731-221
205;5;Blake;Ochoa;blandit.at.nisi@elit.ca;650-010-539
206;6;Lani;Decker;habitant.morbi@lobortismauris.edu;383-605-012
207;7;Naomi;Diaz;enim.gravida@aliquetmagnaa.org;926-465-718
208;8;Dennis;Howard;Duis.elementum@antelectusconvallis.ca;453-475-138
209;9;Thaddeus;Petty;elementum.dui.quis@elementumpurus.edu;066-885-909
210;10;Kellie;Rocha;sodales@Donec.org;632-870-468
211;11;Baxter;Ingram;molestie@etmalesuada.ca;364-373-021
212;12;Macaulay;Haley;adipiscing.ligula.Aenean@Nullam.org;887-345-559
213;13;Orson;Lawrence;quis.pede@Morbisitamet.edu;204-235-399
214;14;Deborah;Zimmerman;purus@dolorFuscefeugiat.org;140-790-465
215;15;Flavia;Keith;dignissim.Maecenas@ipsumsodalespurus.ca;074-373-493
216;16;Sacha;Cummings;ligula.Nullam@Fuscealiquet.com;005-571-706
217;17;Hilel;Hahn;non.dui@utlacus.org;710-203-996
218;18;Elton;Wilkinson;dolor.Nulla@mus.com;634-330-474
219;19;Zoe;Schroeder;pede.malesuada@lobortistellus.org;860-766-286
220;20;Mechelle;Murphy;Integer.sem@Maecenas.com;634-009-107
221;1;Noble;Fuentes;sodales@hendrerit.com;850-146-112
222;2;Avram;Lucas;lobortis.mauris@ante.ca;208-415-189
223;3;Candice;Bean;arcu.Sed@consequatlectussit.org;131-244-959
224;4;Amy;Burgess;libero.dui@lectusrutrum.ca;854-943-254
225;5;Bell;Glenn;vel.faucibus@Integervulputate.ca;631-691-192
226;6;Zachery;Mendez;neque@atarcu.com;316-660-273
227;7;Ignacia;Solis;in.felis@Aliquamauctor.com;194-397-993
228;8;Paula;Rivas;erat.semper.rutrum@justo.org;767-941-689
229;9;Alfonso;Logan;est@Duissitamet.ca;016-909-087
230;10;Serena;Silva;mus.Proin.vel@fringillaest.com;583-263-569
231;11;Arthur;Miller;dui@fermentumfermentum.org;625-602-491
232;12;Jackson;Nunez;urna.Nunc@Donec.edu;404-974-780
233;13;Raymond;Oneill;metus@Proin.ca;941-432-679
234;14;Kameko;Cameron;at.pretium.aliquet@Inat.edu;455-245-022
235;15;Kylee;Manning;sit.amet@famesac.org;818-598-859
236;16;Brielle;Kane;amet.diam@mifelisadipiscing.ca;133-256-311
237;17;Lamar;Nixon;a.aliquet@milacinia.edu;078-938-442
238;18;Michelle;Dixon;bibendum.Donec.felis@egetmetus.ca;664-975-632
239;19;Kane;Serrano;blandit@Morbiaccumsanlaoreet.com;822-265-037
240;20;Phyllis;Chan;sed.libero.Proin@commodohendreritDonec.ca;735-468-716
241;1;Penelope;Mcdowell;turpis.vitae.purus@vulputateposuere.com;758-886-667
242;2;Chester;Mccarthy;sagittis@rutrum.org;715-432-318
243;3;Dustin;Dodson;mus.Aenean.eget@Vestibulumuteros.org;741-409-025
244;4;Jackson;Sims;Phasellus.at.augue@sedsem.org;029-437-460
245;5;Ebony;Williamson;nunc@temporestac.ca;259-284-432
246;6;Kameko;Torres;nec.mollis.vitae@mauriseuelit.edu;459-819-349
247;7;Elton;Pearson;conubia.nostra.per@sedduiFusce.edu;136-669-718
248;8;Isabella;Sharp;lacinia.at.iaculis@Cum.org;175-415-842
249;9;Phyllis;Carver;ipsum@arcuVestibulum.org;925-743-481
250;10;Kelly;Holloway;sagittis.semper.Nam@bibendumfermentum.org;081-934-605
251;11;Alvin;Tyson;pretium.aliquet@semperpretiumneque.edu;614-106-551
252;12;Olga;Norman;magna@dolorFuscefeugiat.org;630-345-245
253;13;Aurora;Harvey;euismod.mauris@eu.org;153-614-191
254;14;Flynn;Stout;ipsum@inhendrerit.ca;805-040-754
255;15;Preston;Kelley;Duis.elementum@turpisAliquam.ca;233-424-763
256;16;Kylan;Stanley;gravida.molestie@dictumauguemalesuada.edu;701-456-531
257;17;Remedios;Pratt;Phasellus.elit@vulputate.ca;403-167-126
258;18;Philip;Fuentes;Pellentesque@taciti.edu;586-117-294
259;19;Liberty;Knight;Sed.eu@consequatenimdiam.ca;106-232-905
260;20;Uriah;Nguyen;ante.dictum@sapien.org;342-647-202
261;1;Kieran;Drake;purus@Phasellusat.edu;644-559-746
262;2;Illiana;Stokes;non.vestibulum@sit.com;830-033-685
263;3;Gloria;William;urna.nec.luctus@nullaCras.ca;108-955-194
264;4;Venus;Monroe;ligula.Aenean@Integereu.com;516-201-931
265;5;Stuart;Rodriquez;eu.placerat@urnajustofaucibus.org;992-086-682
266;6;Alexander;Petersen;ornare.libero.at@Pellentesque.ca;400-442-330
267;7;Brendan;Avila;pellentesque@mollisPhaselluslibero.edu;096-679-776
268;8;Arthur;Stevens;pharetra.sed.hendrerit@et.edu;733-063-773
269;9;Kylie;Garza;non.enim.commodo@Aliquamerat.edu;961-747-446
270;10;Inga;Wilkinson;egestas@velitSedmalesuada.ca;701-485-338
271;11;Wing;Conley;dictum@ut.com;921-467-617
272;12;Lyle;Hubbard;a@In.org;600-049-331
273;13;Kirsten;Francis;a.ultricies@faucibus.edu;737-345-100
274;14;Jenette;Cooley;magna.Cras@sitametdapibus.edu;990-331-984
275;15;Pamela;Patrick;velit.egestas.lacinia@arcuMorbi.org;771-981-123
276;16;Ferdinand;Cortez;aliquet@non.com;545-420-707
277;17;Portia;Cabrera;eu@egetvariusultrices.com;865-998-620
278;18;Minerva;Cook;a.dui.Cras@Maecenasiaculisaliquet.org;166-964-745
279;19;Nigel;Huber;non.egestas@risus.org;224-944-716
280;20;Denton;Hendrix;commodo@Morbiquis.org;530-275-040
281;1;Lawrence;Frazier;ut.molestie.in@Nullatempor.org;461-288-902
282;2;Akeem;Sherman;tristique.neque.venenatis@dolorvitae.org;682-633-396
283;3;Calista;Davenport;Cras.vulputate@Vestibulumanteipsum.ca;908-911-019
284;4;Regina;Garza;felis.purus.ac@aliquetodioEtiam.ca;611-007-420
285;5;Amanda;Pollard;massa@rhoncusProinnisl.ca;639-659-422
286;6;Rhea;Dixon;dictum@orciluctuset.org;935-355-352
287;7;Lewis;Wilcox;magna.sed.dui@diamdictum.com;264-796-079
288;8;Francesca;Sellers;vitae.orci@etmagnisdis.org;121-473-933
289;9;Shafira;Whitley;massa.Quisque.porttitor@Nullam.org;944-023-151
290;10;Liberty;Walls;vel@nulla.com;526-569-249
291;11;Portia;Cox;enim.nec.tempus@eu.ca;242-493-953
292;12;Orson;Haley;ullamcorper.Duis.at@accumsannequeet.org;456-795-977
293;13;Clio;Wong;Integer.tincidunt.aliquam@facilisis.com;626-689-853
294;14;Leroy;Dominguez;Cras.lorem@nislelementumpurus.ca;494-372-092
295;15;Abraham;Hull;nibh@augue.ca;738-692-254
296;16;Rose;Chan;est.Nunc.ullamcorper@musAenean.edu;934-026-020
297;17;Leila;Cox;vel.nisl.Quisque@diameudolor.com;626-871-452
298;18;Emerald;Stewart;augue.porttitor.interdum@semNullainterdum.ca;944-975-137
299;19;Sylvester;Reilly;Quisque@tellusAenean.ca;120-683-812
300;20;Lyle;Blackwell;tempus.scelerisque.lorem@velitduisemper.ca;815-043-130
301;1;Melinda;James;justo.Proin.non@sapienAenean.org;390-212-873
302;2;Darryl;Ferrell;eu@Sed.ca;260-301-776
303;3;Flavia;Garcia;purus.accumsan.interdum@SuspendissesagittisNullam.edu;892-765-598
304;4;Cain;Adkins;sit.amet.luctus@rutrum.ca;651-338-061
305;5;Maia;Slater;iaculis.quis@utodiovel.ca;514-002-622
306;6;Bo;Larsen;mollis@dignissim.com;591-563-321
307;7;Tanek;Travis;Donec@orcisem.edu;444-167-772
308;8;Taylor;Harrington;Phasellus.vitae@Suspendissealiquetmolestie.com;416-738-627
309;9;Alan;Carpenter;nec@insodales.org;743-526-310
310;10;Guinevere;Webster;consectetuer@lacusNulla.com;271-808-700
311;11;Daryl;Nichols;Aliquam.tincidunt.nunc@quama.com;969-389-119
312;12;Summer;Gray;cubilia.Curae;.Phasellus@arcuVestibulum.com
313;13;Quinn;Jackson;Nam.interdum@euodio.edu;790-819-202
314;14;Diana;Stewart;lorem.sit@ante.ca;583-863-047
315;15;Keefe;Daniels;Integer.id.magna@Donecatarcu.org;884-197-116
316;16;Shafira;Wolf;mauris@ametluctus.edu;354-301-954
317;17;Bianca;Hardy;sit.amet@lectus.edu;329-536-325
318;18;Amber;Bruce;turpis.vitae@vulputateposuere.org;897-841-565
319;19;Doris;Rowe;vel@massa.com;689-005-506
320;20;Daryl;Castaneda;egestas.Sed.pharetra@lorem.org;827-383-211
321;1;Lee;Finley;mi.Aliquam.gravida@massalobortisultrices.ca;075-582-403
322;2;Tate;Harvey;est.ac.mattis@Sed.com;516-727-280
323;3;Sacha;Austin;consectetuer.adipiscing.elit@magnis.com;535-949-133
324;4;Rogan;Macias;ultrices.iaculis@Integer.org;884-065-155
325;5;Emerson;Mcpherson;eu.tellus@lorem.edu;111-354-530
326;6;Hilel;Brown;Sed.dictum@velitduisemper.org;901-057-983
327;7;Jameson;Klein;et@Vivamusnisi.ca;982-522-463
328;8;Nyssa;Garner;condimentum@ac.com;381-375-710
329;9;Sean;Nixon;cursus.diam@orciluctus.ca;141-605-678
330;10;Ashely;Clark;Sed@vitaemauris.org;992-712-799
331;11;Lani;Maxwell;felis@infaucibusorci.org;371-050-952
332;12;Brennan;Richards;In.lorem@aliquetProinvelit.edu;452-142-207
333;13;Jolene;Leach;nec@risusNullaeget.edu;952-914-122
334;14;Bernard;Weaver;quis@elitpretium.com;506-804-359
335;15;Mira;Stone;Nunc.ac@nonduinec.edu;736-968-678
336;16;Talon;Duncan;ac@arcuiaculisenim.ca;634-093-662
337;17;Lael;Blankenship;erat.eget@nisisemsemper.com;753-321-014
338;18;Jonas;Duffy;aliquet.molestie@gravidamaurisut.ca;992-555-916
339;19;Ulla;Holcomb;ridiculus.mus@varius.org;518-632-884
340;20;Eden;Harrington;interdum.Curabitur@Nullam.com;999-815-200
341;1;Hedy;Davenport;quam.elementum@lobortisultricesVivamus.ca;400-285-709
342;2;Eagan;Ellison;vitae.velit@interdum.org;073-383-915
343;3;Danielle;Hahn;iaculis@ametloremsemper.edu;006-806-039
344;4;Brett;Boyd;sem@in.edu;475-391-825
345;5;Erin;Figueroa;a@arcuNunc.edu;137-276-987
346;6;Pamela;Tate;mi@dolor.com;796-511-644
347;7;Tallulah;Riddle;elementum@massanonante.ca;235-122-291
348;8;Valentine;Knox;eleifend@primis.edu;831-475-463
349;9;Nita;Franks;ligula@necante.edu;693-995-380
350;10;Dawn;Estes;ac.arcu.Nunc@neque.com;590-063-736
351;11;Todd;Conner;libero.Proin@porttitortellusnon.com;748-039-651
352;12;Shannon;Estes;Aliquam.ornare.libero@idnuncinterdum.com;846-583-575
353;13;Mona;Gutierrez;libero.dui.nec@a.ca;167-819-302
354;14;Gabriel;Blankenship;eu.dui.Cum@afelisullamcorper.com;516-181-455
355;15;Kuame;Oconnor;vehicula.aliquet@velvulputateeu.edu;631-043-274
356;16;Hayley;Harvey;euismod.est@nequeMorbiquis.com;155-511-778
357;17;Brenna;Munoz;Quisque.porttitor@senectuset.com;427-602-846
358;18;Blair;Mathis;scelerisque@faucibusorciluctus.edu;281-959-276
359;19;Acton;Witt;ut.odio@convallisin.edu;184-920-436
360;20;Sierra;Franklin;varius@Maurisblandit.edu;470-746-546
361;1;Tate;Blair;fringilla.Donec.feugiat@cursus.org;116-552-135
362;2;Dexter;Berger;pede.Cum@Seddiam.com;380-827-917
363;3;Emerald;White;blandit.Nam.nulla@id.com;747-872-303
364;4;Hayden;Sykes;mauris@cursus.ca;044-952-882
365;5;Paula;Haley;ante.ipsum@adipiscing.ca;082-385-324
366;6;Adena;Moss;nonummy.ultricies.ornare@euismodmauriseu.com;685-568-241
367;7;Megan;Fowler;sit.amet.nulla@justo.ca;643-978-674
368;8;Kibo;Chandler;et.malesuada@telluseuaugue.com;312-554-327
369;9;Sebastian;Barton;lorem.fringilla.ornare@conubianostraper.edu;798-373-825
370;10;Bruno;Gill;malesuada.Integer.id@arcuetpede.ca;262-689-860
371;11;Gillian;Phillips;tincidunt.neque.vitae@Vestibulumaccumsan.com;866-691-005
372;12;Madison;Cox;non@atiaculis.org;146-016-653
373;13;Vernon;Roberson;Sed.neque@turpisnon.ca;100-215-277
374;14;Christen;Daniels;quam.Pellentesque.habitant@ligulaNullam.com;450-003-601
375;15;Daria;Rice;sit.amet@diamvelarcu.edu;256-433-755
376;16;Hilary;Wiley;fringilla.cursus.purus@rutrumjusto.ca;463-164-392
377;17;Acton;Dale;consequat@mauriserat.ca;811-566-206
378;18;Vance;Baxter;tristique.senectus.et@eleifendvitae.edu;706-099-891
379;19;Asher;Mccall;Sed.pharetra.felis@egestasblandit.ca;056-262-453
380;20;Harlan;Strong;nunc.sed@imperdietdictum.edu;651-542-558
381;1;Hannah;Garrison;facilisis@natoquepenatibus.ca;622-175-314
382;2;Nomlanga;Bell;ac.mattis@Loremipsumdolor.edu;243-702-045
383;3;Pandora;Wagner;Nunc.commodo.auctor@dolorquam.ca;785-099-970
384;4;Mannix;Rivas;in.aliquet@Duis.edu;892-837-907
385;5;Quincy;Fuller;Nulla.eu.neque@parturient.edu;061-031-399
386;6;Molly;York;Vestibulum.ante@mattisCraseget.ca;687-694-477
387;7;Imogene;Shepard;eu.tellus.Phasellus@necmaurisblandit.ca;989-389-159
388;8;Echo;Pope;quis@loremsemper.edu;014-592-731
389;9;Wyatt;Barry;lacinia@massaIntegervitae.org;306-455-182
390;10;Bradley;Nunez;sit.amet.ante@Nullamscelerisqueneque.org;278-019-600
391;11;Rinah;Baird;sociis@interdumenim.edu;766-959-466
392;12;Phoebe;Hardy;auctor@facilisislorem.com;682-392-273
393;13;Declan;Norman;lacus.Nulla@interdumenim.edu;460-827-091
394;14;Geraldine;Pope;facilisis.magna.tellus@loremsit.ca;751-934-351
395;15;Zelda;Mcintosh;iaculis.odio.Nam@neque.edu;968-969-997
396;16;Lester;Blanchard;orci.adipiscing@rutrumFuscedolor.org;730-091-897
397;17;Allistair;Sandoval;Nulla@posuerecubiliaCurae;.edu
398;18;Hiram;Mcgee;eget.laoreet.posuere@Craslorem.edu;422-210-818
399;19;Hasad;Marquez;vel.est.tempor@dapibus.com;842-230-076
400;20;Ray;Whitney;metus@sollicitudinorci.edu;651-579-415
401;1;Lilah;Pickett;Fusce@Donecconsectetuer.com;802-889-858
402;2;Ina;English;Fusce.mi@ullamcorperDuisat.org;475-890-057
403;3;Lydia;Goodwin;Quisque.libero.lacus@cursus.edu;061-829-972
404;4;Clayton;Carson;fringilla.purus@gravidaPraesent.com;414-462-625
405;5;Callum;Perry;nec.ligula@magnaCrasconvallis.com;624-506-928
406;6;Akeem;Hanson;dignissim.Maecenas@ligulaelitpretium.ca;229-845-362
407;7;Xena;Barron;sed.leo.Cras@gravidanonsollicitudin.ca;205-223-527
408;8;Maile;Logan;lectus.quis@vitaerisusDuis.com;629-992-683
409;9;Elvis;Abbott;Aenean.massa@sed.org;460-097-052
410;10;Wing;Benjamin;velit.Quisque@Suspendissetristiqueneque.com;656-349-779
411;11;Steven;Cooley;mauris.sagittis@felisNullatempor.org;603-666-256
412;12;Xanthus;Gomez;tristique@eros.ca;338-008-190
413;13;Jaime;Padilla;tortor.Integer.aliquam@auctorvitae.com;059-315-019
414;14;Jocelyn;Wade;sit@lectus.com;351-441-198
415;15;Vaughan;Dudley;nisl.sem.consequat@orciquis.edu;777-796-045
416;16;Simon;Slater;Phasellus.vitae.mauris@luctus.com;675-763-756
417;17;Ryan;White;neque.tellus@neccursusa.org;303-449-638
418;18;Kennan;Whitehead;a.ultricies@velitPellentesque.com;397-053-833
419;19;Halla;Alexander;nisi.Aenean@Curabiturut.com;894-422-881
420;20;Myles;Reyes;Nullam.ut.nisi@lacinia.ca;132-075-215
421;1;Dana;Weaver;massa@nonvestibulumnec.edu;223-005-572
422;2;Ronan;Guerrero;Cum@enimgravida.ca;523-849-469
423;3;Grady;Nunez;tempus.scelerisque@tinciduntcongueturpis.ca;973-556-830
424;4;Xander;Lopez;Cras.vulputate@erat.edu;921-380-827
425;5;Oleg;Nielsen;Cras@elitelit.ca;135-065-060
426;6;Igor;Chase;dolor.dolor@lectus.ca;448-276-542
427;7;Abbot;Weaver;vulputate.risus@ipsum.com;239-209-841
428;8;Aretha;Dejesus;vel.convallis.in@porttitorerosnec.org;903-556-155
429;9;Hedda;Pratt;et.tristique@Nullamvitaediam.org;276-018-220
430;10;Breanna;Pitts;fames.ac@augueporttitorinterdum.edu;298-344-981
431;11;Melinda;Burns;tristique@Aliquamerat.edu;408-739-846
432;12;Eaton;Golden;neque.In@Donecconsectetuer.com;917-999-260
433;13;Aiko;Head;netus@velarcueu.ca;568-305-539
434;14;Shannon;Jenkins;dictum.cursus.Nunc@interdumNunc.ca;398-659-053
435;15;Maxwell;Chaney;faucibus.leo@justoeuarcu.com;930-579-754
436;16;Quinlan;Spears;quis.arcu@in.org;895-958-220
437;17;Scarlett;Pope;nascetur@nisidictumaugue.com;223-988-566
438;18;Guy;Sutton;libero.Proin@odiovelest.org;603-824-701
439;19;Ignacia;Valenzuela;at.fringilla@eu.edu;169-736-775
440;20;Mollie;Everett;Curabitur.dictum@sociisnatoquepenatibus.org;880-692-541
441;1;Connor;Fuller;neque.Nullam.nisl@dapibusrutrum.com;189-965-027
442;2;Jasper;Potts;eu.accumsan@torquentper.edu;123-764-787
443;3;Donna;Durham;Donec@vitaeorci.org;361-499-146
444;4;Janna;Dorsey;malesuada.malesuada.Integer@sedfacilisis.ca;173-961-583
445;5;Justin;Schneider;semper.Nam.tempor@Cras.com;632-879-321
446;6;Raven;Massey;fringilla@ornarelectusante.edu;651-135-893
447;7;Allen;Lamb;eget.volutpat.ornare@ultricies.org;914-236-411
448;8;Raymond;Steele;elit.erat@Sednunc.ca;554-447-042
449;9;Portia;Hoffman;Morbi.sit@Duiselementum.org;673-195-773
450;10;Julian;Spencer;est.Nunc@Suspendissedui.ca;836-889-853
451;11;Simon;Petty;non.justo.Proin@urnanec.ca;544-218-667
452;12;Amery;Cox;nunc@Vivamus.org;914-878-155
453;13;Clare;Vaughan;sem@Donectincidunt.org;785-342-354
454;14;Ina;Mathews;ut.mi.Duis@Maecenasmi.com;462-527-346
455;15;Magee;Buckley;In.faucibus@enimsitamet.ca;170-525-871
456;16;Neil;Nichols;sit.amet@diam.com;651-098-769
457;17;Stuart;Pratt;Curabitur.vel@risusDonecegestas.org;352-223-990
458;18;Brent;Castro;aliquet.molestie.tellus@lectuspedeultrices.org;824-683-870
459;19;Irma;Waters;cursus.Nunc@faucibus.com;658-558-060
460;20;Britanni;Suarez;erat@antelectusconvallis.edu;434-315-655
461;1;Palmer;Shields;amet.lorem@sitamet.edu;969-029-938
462;2;Britanni;Morrison;ac.arcu@porttitor.ca;303-068-436
463;3;Kimberley;Carlson;ligula@semper.org;295-133-240
464;4;Rafael;Browning;Praesent.luctus.Curabitur@Pellentesquehabitant.ca;547-984-935
465;5;Wendy;Pennington;lorem.ipsum.sodales@Nullasempertellus.ca;013-363-244
466;6;Walter;Workman;tellus.lorem.eu@Nunclectus.org;510-545-642
467;7;Thaddeus;Davis;lorem@eget.edu;696-831-821
468;8;Brendan;Ochoa;Aliquam@luctus.org;862-405-898
469;9;Shannon;Bryan;nibh.Quisque@nonfeugiatnec.org;668-599-206
470;10;Paula;Stone;odio.vel@mollisPhaselluslibero.org;112-900-092
471;11;Aiko;William;vel.pede.blandit@placeratvelit.org;135-331-610
472;12;Lacy;Petty;sapien@necmollisvitae.org;836-928-328
473;13;Zeph;Ingram;commodo.hendrerit@Sednec.edu;912-622-780
474;14;Brian;Stevens;aliquet@afacilisisnon.com;662-990-095
475;15;Jin;Cervantes;hendrerit@lorem.ca;761-541-360
476;16;Erica;Richardson;nec.quam.Curabitur@magnaDuis.ca;340-335-887
477;17;Jasmine;Spence;Duis.mi@Uttincidunt.com;156-516-044
478;18;Barry;Serrano;Curabitur.sed@in.edu;535-322-371
479;19;Amber;Ryan;dolor.Fusce.mi@arcuMorbisit.edu;547-582-490
480;20;Ursula;Dodson;fringilla.porttitor.vulputate@Vivamuseuismodurna.org;167-439-237
481;1;Tanya;Pittman;vestibulum@blandit.ca;850-341-343
482;2;Germaine;Carlson;cursus.purus@Sed.org;765-993-980
483;3;Troy;Gallagher;pede@aliquet.ca;419-752-084
484;4;Olympia;Pace;nulla.Integer.urna@neceleifend.ca;352-343-636
485;5;Austin;Sawyer;nibh.Phasellus@convallis.ca;091-085-752
486;6;Willow;Nicholson;ac@consectetuer.edu;425-152-860
487;7;Karina;Good;ipsum.Donec.sollicitudin@sitamet.com;459-212-908
488;8;Yvonne;Wagner;semper.auctor.Mauris@Phasellusin.ca;470-330-584
489;9;Colorado;Shepard;tempus.non.lacinia@accumsan.org;558-466-666
490;10;Rylee;Woodard;dictum.magna.Ut@tellusfaucibus.org;897-481-609
491;11;Orson;French;ac@disparturientmontes.edu;328-094-774
492;12;Francesca;Vargas;dolor@consequatpurusMaecenas.org;108-818-481
493;13;Connor;Zimmerman;eleifend@lobortismauris.edu;436-110-740
494;14;Hilda;Rivers;quis@tempordiamdictum.ca;826-218-838
495;15;Petra;Conway;euismod.ac@lectuspede.org;707-547-485
496;16;Victoria;Hughes;eu.sem@dapibus.org;503-341-323
497;17;Castor;Zimmerman;adipiscing.elit.Etiam@tellusidnunc.com;222-717-201
498;18;Sonya;Huff;feugiat.placerat.velit@netusetmalesuada.org;339-752-572
499;19;Jolene;Bender;consectetuer@Duismi.edu;049-241-036
500;20;Olga;Mcfarland;a.purus.Duis@massarutrummagna.com;656-229-570
501;1;Otto;Gillespie;euismod.ac.fermentum@odiotristique.ca;680-716-582
502;2;Fritz;Cook;nisi@egestasblanditNam.com;013-583-166
503;3;Kylan;Austin;sodales.purus@facilisiSed.org;332-924-256
504;4;Dorian;Kramer;Donec.consectetuer@luctusfelis.ca;132-298-359
505;5;Abdul;Macias;iaculis.nec.eleifend@montesnasceturridiculus.ca;852-019-544
506;6;Amir;Wilkinson;nec.euismod@pede.edu;371-730-435
507;7;Shelley;Johns;amet.nulla.Donec@ridiculus.ca;347-981-991
508;8;Upton;Decker;nec@semelit.edu;322-758-243
509;9;Amela;Middleton;enim@convallis.org;967-869-251
510;10;Mercedes;Reyes;Quisque.ornare@Praesent.edu;829-063-079
511;11;Leigh;Walker;facilisi@scelerisquescelerisquedui.edu;739-081-458
512;12;Ivana;Walsh;tincidunt.dui@ridiculusmusAenean.org;839-808-157
513;13;Robert;Oconnor;Pellentesque.ut.ipsum@tellusNunc.ca;418-877-616
514;14;Rae;Hurley;aliquet.Proin.velit@Fusce.com;101-269-446
515;15;Drake;Boone;dolor.quam.elementum@vulputatelacus.ca;466-073-157
516;16;Xaviera;Bolton;nibh.Aliquam.ornare@fermentum.com;464-900-431
517;17;Hall;Noble;tincidunt@magna.ca;152-210-111
518;18;Holmes;Gonzales;ultrices.Duis.volutpat@facilisisfacilisismagna.com;863-294-431
519;19;Maxwell;Cunningham;dictum.magna@adipiscingfringilla.ca;609-720-764
520;20;Jessica;Dominguez;metus.facilisis@Nunc.edu;205-747-309
521;1;Meghan;Ewing;nascetur.ridiculus@magnisdisparturient.com;685-449-291
522;2;Penelope;Dale;malesuada.fames@lobortisnisi.com;211-510-183
523;3;Gregory;Dennis;at.fringilla@Nullamlobortisquam.com;382-584-156
524;4;Iola;Cannon;blandit.Nam@Proinnon.ca;970-164-996
525;5;Roanna;Leblanc;non.lorem.vitae@cursusetmagna.com;347-504-245
526;6;Evan;Wallace;tellus.Nunc@semperauctorMauris.com;987-884-269
527;7;Quinn;Ruiz;enim.Suspendisse@mauris.ca;693-949-778
528;8;Alyssa;Parks;sed.leo@turpisAliquam.edu;506-766-644
529;9;Lenore;Matthews;mus@in.ca;268-936-133
530;10;Rhonda;Ashley;amet.consectetuer.adipiscing@scelerisquedui.org;242-986-242
531;11;Xaviera;Hyde;fames.ac@arcuVestibulumante.org;653-796-276
532;12;Quincy;Dean;orci.sem.eget@utcursus.org;403-645-049
533;13;Donovan;Nixon;ornare.lectus.ante@ac.edu;049-326-398
534;14;Hilda;Glass;dapibus@utpellentesqueeget.com;479-519-235
535;15;Ferris;Stuart;Integer.id.magna@purusgravidasagittis.com;330-739-872
536;16;Serina;Boyle;mauris@aliquamadipiscing.edu;110-455-684
537;17;Hilel;Horton;a.ultricies@purusNullamscelerisque.ca;429-301-382
538;18;Astra;Solomon;Curabitur.dictum.Phasellus@elit.edu;437-012-357
539;19;Jana;Knowles;diam.vel.arcu@Quisque.com;395-678-386
540;20;Anika;Page;taciti.sociosqu.ad@Mauris.edu;133-590-335
541;1;Ryan;Matthews;vulputate.eu.odio@fringillacursuspurus.org;565-952-959
542;2;Sandra;Black;libero.lacus.varius@nibh.edu;722-058-044
543;3;Leslie;Foster;enim.condimentum.eget@loremvehiculaet.ca;701-750-541
544;4;Eve;Hammond;sagittis.placerat.Cras@Proin.ca;156-290-253
545;5;Tamekah;Donaldson;Nulla.semper@penatibus.ca;729-261-794
546;6;Jordan;Mcmahon;ultrices.a@arcuetpede.ca;000-364-446
547;7;Declan;Osborne;Donec.est.mauris@acfermentum.edu;762-556-003
548;8;Griffith;Britt;mus.Proin@facilisis.com;427-964-091
549;9;Barry;Mcgowan;felis.Nulla.tempor@egetvolutpat.com;881-994-435
550;10;Mari;Norton;aliquam.adipiscing@elit.ca;152-143-959
551;11;Piper;Foster;turpis.vitae.purus@risus.com;176-501-568
552;12;Neville;Ayala;sagittis@Nam.org;200-269-832
553;13;Keely;Kane;libero.et@Morbisit.com;136-704-975
554;14;Dara;Myers;pede.Suspendisse@placeratorcilacus.edu;120-962-717
555;15;Yen;Harrington;sed.dictum@acmattis.edu;395-370-397
556;16;Unity;Nolan;lectus.ante@Maecenasmifelis.ca;852-570-774
557;17;Charissa;Wilkerson;at@pellentesque.ca;698-995-982
558;18;Rhea;Bishop;ante.ipsum@ipsumleoelementum.ca;399-163-583
559;19;Bradley;Moss;in@metus.ca;293-285-866
560;20;Harlan;Knox;odio.tristique@magnisdisparturient.com;026-600-416
561;1;Baker;Weiss;erat.neque@egestas.edu;437-303-838
562;2;Ocean;Robles;Etiam.vestibulum.massa@Vivamusnonlorem.org;417-833-343
563;3;Ethan;Mccray;sodales@fringilla.edu;465-204-672
564;4;Reece;Brewer;ac.mattis.semper@dapibusgravida.edu;426-779-605
565;5;Kenneth;Monroe;Sed.congue@lobortis.com;337-000-681
566;6;Graiden;Oneal;pretium@blandit.edu;831-537-493
567;7;Melvin;Hoffman;adipiscing@imperdietdictummagna.ca;767-359-796
568;8;Jescie;Phillips;sem.magna@sedsem.ca;125-518-583
569;9;Robert;Bradford;ante.Nunc@DonecfringillaDonec.com;262-058-006
570;10;Nyssa;Dillon;nunc.sed@etmagnis.edu;989-463-343
571;11;Aiko;Farmer;Maecenas.malesuada.fringilla@Praesentinterdum.org;515-522-194
572;12;Jayme;Ryan;vestibulum@nequetellusimperdiet.org;268-502-305
573;13;Isadora;Bowman;Vivamus.non.lorem@pedeac.org;229-313-861
574;14;Charles;Sullivan;vitae@parturient.org;668-073-314
575;15;Evelyn;Burnett;a@diamvel.ca;752-524-633
576;16;Bryar;Holland;at.arcu@metus.org;179-494-525
577;17;Eden;Stewart;lacus@purusmauris.org;109-843-557
578;18;Ebony;Sawyer;et.netus.et@aliquetlobortisnisi.ca;361-997-625
579;19;Iliana;Clements;nec.ante.Maecenas@Sedcongue.ca;111-779-607
580;20;Simone;Norman;magna@Quisque.ca;985-501-543
581;1;Heidi;Osborne;ornare.libero.at@semutcursus.com;684-281-878
582;2;Herrod;Shelton;velit.Cras.lorem@nuncInat.ca;389-833-079
583;3;Adele;Swanson;rutrum@mollisInteger.ca;790-579-617
584;4;Griffith;Kaufman;dictum.cursus@NuncmaurisMorbi.edu;664-734-833
585;5;Salvador;Sloan;Donec@netuset.ca;177-894-429
586;6;Jack;Riley;ac@congueIn.edu;205-038-027
587;7;Willa;Fuentes;Proin@purusaccumsan.com;399-718-566
588;8;Craig;Bowers;Donec.egestas@arcu.ca;396-313-506
589;9;Silas;Cervantes;et.magnis.dis@dolordolor.com;281-847-568
590;10;Veronica;Callahan;Donec.at@nisimagna.com;867-373-155
591;11;Tatiana;Abbott;luctus.ipsum@non.com;070-538-539
592;12;Aline;Hoover;aliquet.Proin@pede.edu;694-749-539
593;13;Kelsey;Cummings;risus.Duis@Pellentesque.ca;846-476-570
594;14;Cecilia;Goff;risus@vitaeposuereat.org;777-317-369
595;15;Jack;Contreras;Sed.id.risus@sem.ca;495-975-099
596;16;Connor;Wall;et.libero@MaurisnullaInteger.org;044-414-155
597;17;Shelley;Meadows;sagittis@amet.com;998-098-417
598;18;Baxter;Holcomb;Integer.eu@mifelis.com;806-062-958
599;19;Eleanor;Sweeney;Donec.porttitor@MorbimetusVivamus.com;822-330-344
600;20;Eagan;Tanner;arcu.Sed.eu@iaculislacuspede.edu;754-702-931
